City_ID,City,Country,Date,Lat,Lng,Max Temp,Humidity,Cloudiness,Wind Speed
0,Zhigansk,RU,2021-04-10 01:02:49,66.7697,123.3711,4.84,82,100,18.03
1,Surt,LY,2021-04-10 01:02:49,31.2089,16.5887,57.99,67,0,15.39
2,Nova Venecia,BR,2021-04-10 01:02:49,-18.7106,-40.4006,67.01,81,82,4.09
3,Znamenskoye,RU,2021-04-10 01:02:49,57.1281,73.8282,27.16,97,16,4.68
4,Qaanaaq,GL,2021-04-10 01:02:50,77.484,-69.3632,11.21,59,100,8.14
5,Tuktoyaktuk,CA,2021-04-10 01:02:50,69.4541,-133.0374,-14.8,70,75,12.66
6,Victoria,HK,2021-04-10 01:02:03,22.2855,114.1577,71.01,64,52,4.0
7,Avarua,CK,2021-04-10 01:02:51,-21.2078,-159.775,84.2,74,87,3.44
8,Port Alfred,ZA,2021-04-10 01:02:51,-33.5906,26.891,62.49,84,86,2.46
9,Houlton,US,2021-04-10 01:02:51,46.1262,-67.8403,55.0,71,90,3.36
10,Nikolskoye,RU,2021-04-10 01:02:51,59.7035,30.7861,39.99,75,40,17.9
11,Albany,US,2021-04-10 01:01:18,42.6001,-73.9662,64.4,42,90,6.91
12,Geraldton,AU,2021-04-10 01:02:52,-28.7667,114.6,78.8,50,90,21.85
13,Coquimbo,CL,2021-04-10 01:01:01,-29.9533,-71.3436,59.0,82,0,9.22
14,Punta Arenas,CL,2021-04-10 00:58:56,-53.15,-70.9167,44.6,76,0,10.36
15,Rikitea,PF,2021-04-10 00:58:53,-23.1203,-134.9692,78.19,74,81,10.76
16,Ushuaia,AR,2021-04-10 01:01:44,-54.8,-68.3,44.6,61,40,10.36
17,Vostok,RU,2021-04-10 01:02:53,46.4856,135.8833,39.74,49,27,5.77
18,Vychegodskiy,RU,2021-04-10 01:02:53,61.247,46.8984,30.04,86,6,8.61
19,Vaini,TO,2021-04-10 01:02:53,-21.2,-175.2,82.4,74,40,6.91
20,Arraial Do Cabo,BR,2021-04-10 01:02:14,-22.9661,-42.0278,75.56,74,0,15.73
21,Nemuro,JP,2021-04-10 01:02:50,43.3236,145.575,41.0,48,75,14.97
22,Mataura,NZ,2021-04-10 01:02:54,-46.1927,168.8643,55.0,89,100,1.99
23,Khatanga,RU,2021-04-10 01:00:36,71.9667,102.5,2.35,77,24,6.24
24,Mirabad,AF,2021-04-10 01:02:54,30.4362,61.8383,72.61,12,0,5.1
25,Port Elizabeth,ZA,2021-04-10 01:00:10,-33.918,25.5701,57.2,94,0,3.44
26,Umm Kaddadah,SD,2021-04-10 01:00:09,13.6017,26.6876,73.45,12,50,13.8
27,Sao Filipe,CV,2021-04-10 01:02:55,14.8961,-24.4956,75.04,62,29,19.39
28,Puerto Ayora,EC,2021-04-10 01:02:55,-0.7393,-90.3518,75.99,96,96,1.01
29,San Jose,US,2021-04-10 01:02:17,37.3394,-121.895,64.0,58,20,17.27
30,Zaranj,AF,2021-04-10 01:02:55,30.9667,61.8833,60.8,23,0,6.91
31,Busselton,AU,2021-04-10 01:02:56,-33.65,115.3333,61.0,78,0,8.01
32,Casma,CL,2021-04-10 01:02:56,-41.0082,-73.1244,53.6,94,0,1.14
33,Omboue,GA,2021-04-10 01:02:56,-1.5746,9.2618,78.6,86,76,4.29
34,Lons-Le-Saunier,FR,2021-04-10 01:02:57,46.75,5.75,52.0,60,100,14.0
35,Pacific Grove,US,2021-04-10 01:02:57,36.6177,-121.9166,54.0,79,0,4.0
36,Naze,JP,2021-04-10 01:00:34,28.3667,129.4833,66.2,88,75,23.02
37,Hermanus,ZA,2021-04-10 01:02:59,-34.4187,19.2345,64.99,85,100,3.0
38,Linkou,CN,2021-04-10 01:02:59,45.3,130.2833,48.74,29,7,7.47
39,Hilo,US,2021-04-10 01:00:06,19.7297,-155.09,78.8,53,75,11.5
40,Itarema,BR,2021-04-10 01:02:59,-2.9248,-39.9167,79.54,83,35,11.88
41,Cape Town,ZA,2021-04-10 00:59:12,-33.9258,18.4232,64.0,94,0,6.91
42,Atuona,PF,2021-04-10 01:00:55,-9.8,-139.0333,80.49,77,17,13.49
43,New Norfolk,AU,2021-04-10 01:03:00,-42.7826,147.0587,50.0,68,30,4.0
44,Lompoc,US,2021-04-10 01:01:09,34.6391,-120.4579,57.2,67,0,21.85
45,Magadan,RU,2021-04-10 01:03:00,59.5667,150.8,21.02,62,8,2.75
46,Tekeli,KZ,2021-04-10 01:03:01,44.83,78.8239,39.43,58,90,8.59
47,Esperance,AU,2021-04-10 01:03:01,-33.8667,121.9,62.6,63,90,8.05
48,Bambous Virieux,MU,2021-04-10 01:03:01,-20.3428,57.7575,78.01,94,75,11.5
49,Les Cayes,HT,2021-04-10 01:03:02,18.2,-73.75,77.41,80,100,7.63
50,Nuuk,GL,2021-04-10 01:01:07,64.1835,-51.7216,37.4,87,90,20.71
51,Bluff,NZ,2021-04-10 01:03:02,-46.6,168.3333,55.0,89,100,1.99
52,Lebu,CL,2021-04-10 01:03:02,-37.6167,-73.65,54.5,82,100,15.5
53,Leshukonskoye,RU,2021-04-10 01:03:03,64.8989,45.7622,31.21,81,90,13.02
54,Saint George,US,2021-04-10 01:01:45,37.1041,-113.5841,79.0,8,1,10.36
55,Raudeberg,NO,2021-04-10 01:03:03,61.9875,5.1352,36.0,81,100,22.86
56,Guerrero Negro,MX,2021-04-10 01:03:03,27.9769,-114.0611,62.44,75,14,23.22
57,Borovoy,RU,2021-04-10 01:03:04,55.4333,86.0833,35.6,60,0,6.71
58,Awbari,LY,2021-04-10 01:03:04,26.5921,12.7805,64.65,41,6,13.91
59,Yellowknife,CA,2021-04-10 01:01:14,62.456,-114.3525,15.8,57,75,16.11
60,Necochea,AR,2021-04-10 01:03:04,-38.5473,-58.7368,60.26,84,1,6.29
61,Tessalit,ML,2021-04-10 01:03:05,20.1986,1.0114,80.94,13,0,7.31
62,Narsaq,GL,2021-04-10 01:03:05,60.9167,-46.05,37.4,75,75,3.44
63,Winnemucca,US,2021-04-10 01:01:48,40.973,-117.7357,68.0,11,1,9.22
64,Luhyny,UA,2021-04-10 01:03:06,51.082,28.4006,33.6,73,41,7.45
65,Barrow,US,2021-04-10 01:03:06,71.2906,-156.7887,-9.4,70,1,12.66
66,Burgos,ES,2021-04-10 01:03:06,42.3394,-3.7079,43.0,100,75,3.44
67,Taltal,CL,2021-04-10 01:03:07,-25.4,-70.4833,65.57,80,90,3.4
68,Katsuura,JP,2021-04-10 01:03:07,35.1333,140.3,51.01,57,100,3.0
69,Comodoro Rivadavia,AR,2021-04-10 00:59:04,-45.8667,-67.5,51.8,87,0,4.61
70,Korla,CN,2021-04-10 01:02:31,41.7597,86.1469,52.68,56,56,7.99
71,Perth,AU,2021-04-10 01:00:00,-31.9333,115.8333,69.01,56,0,25.32
72,Talnakh,RU,2021-04-10 01:00:22,69.4865,88.3972,23.11,93,100,13.06
73,Keetmanshoop,NA,2021-04-10 01:03:08,-26.5833,18.1333,71.6,35,0,8.05
74,Provideniya,RU,2021-04-10 01:03:08,64.3833,-173.3,2.34,84,100,15.75
75,Faya,SA,2021-04-10 01:01:51,18.3851,42.4509,64.4,55,20,2.91
76,Seevetal,DE,2021-04-10 01:03:08,53.4,9.9667,41.0,87,90,5.75
77,Stari Banovci,RS,2021-04-10 01:03:09,44.9864,20.2867,46.4,65,0,3.44
78,Oksfjord,NO,2021-04-10 01:03:09,70.2396,22.3479,19.4,73,97,3.44
79,Winsum,NL,2021-04-10 01:03:09,53.33,6.5208,42.01,92,100,7.9
80,Butaritari,KI,2021-04-10 01:03:10,3.0707,172.7902,82.17,77,100,15.43
81,Bethel,US,2021-04-10 01:01:05,41.3712,-73.414,53.01,80,100,3.44
82,Kefamenanu,ID,2021-04-10 01:03:10,-9.4467,124.4781,78.33,66,100,1.74
83,Msanga,TZ,2021-04-10 01:03:10,-6.05,36.0333,63.52,98,84,3.51
84,Ilulissat,GL,2021-04-10 01:03:11,69.2167,-51.1,26.6,86,75,14.97
85,Anzio,IT,2021-04-10 01:03:11,41.4853,12.6179,48.0,81,100,1.99
86,Souillac,MU,2021-04-10 01:03:11,-20.5167,57.5167,75.2,94,75,11.5
87,Asosa,ET,2021-04-10 01:02:16,10.0667,34.5333,71.44,13,10,2.48
88,Kapaa,US,2021-04-10 01:03:12,22.0752,-159.319,77.0,61,20,13.8
89,Hobart,AU,2021-04-10 01:00:21,-42.8794,147.3294,57.2,44,40,18.41
90,Puerto Palomas,MX,2021-04-10 01:03:12,31.7667,-107.6167,78.8,5,1,18.41
91,Singkang,MY,2021-04-10 01:03:12,2.1006,102.7994,77.0,94,20,1.14
92,Mozarlandia,BR,2021-04-10 01:03:13,-14.7447,-50.5706,72.79,78,71,5.19
93,North Myrtle Beach,US,2021-04-10 01:03:13,33.816,-78.68,68.0,82,1,16.11
94,Saint-Philippe,RE,2021-04-10 01:03:13,-21.3585,55.7679,77.0,69,100,3.44
95,Cabo San Lucas,MX,2021-04-10 01:03:14,22.8909,-109.9124,77.0,68,20,3.44
96,Ust-Kut,RU,2021-04-10 01:03:14,56.7938,105.7672,19.15,70,59,5.06
97,Nisia Floresta,BR,2021-04-10 01:03:14,-6.0911,-35.2086,78.8,83,20,10.36
98,Gorontalo,ID,2021-04-10 01:03:15,0.5412,123.0595,84.4,71,98,0.18
99,Saldanha,ZA,2021-04-10 01:03:15,-33.0117,17.9442,59.0,94,100,5.75
100,Selma,US,2021-04-10 01:03:15,36.5708,-119.6121,80.6,19,1,11.5
101,Tazovskiy,RU,2021-04-10 01:03:15,67.4667,78.7,32.59,90,100,20.18
102,Tarabuco,BO,2021-04-10 01:03:16,-19.1667,-64.9167,51.51,81,14,4.45
103,Tongliao,CN,2021-04-10 01:03:16,43.6125,122.2653,58.44,24,6,17.47
104,Key West,US,2021-04-10 00:58:27,24.5557,-81.7826,77.0,69,1,14.97
105,Tilichiki,RU,2021-04-10 01:03:17,60.4667,166.1,10.76,84,100,12.95
106,Hithadhoo,MV,2021-04-10 01:03:17,-0.6,73.0833,82.62,68,0,9.06
107,Hofn,IS,2021-04-10 01:00:58,64.2539,-15.2082,24.69,53,6,11.48
108,San Pedro,PH,2021-04-10 01:03:17,14.35,121.0167,87.8,55,20,12.66
109,Shilovo,RU,2021-04-10 01:00:53,54.3204,40.874,34.39,69,1,3.42
110,Beringovskiy,RU,2021-04-10 01:03:18,63.05,179.3167,7.54,93,100,20.09
111,Yelanskiy,RU,2021-04-10 01:03:18,56.8419,62.5014,35.58,98,100,7.27
112,Chokurdakh,RU,2021-04-10 01:03:18,70.6333,147.9167,-7.31,90,92,11.88
113,Caravelas,BR,2021-04-10 01:03:19,-17.7125,-39.2481,73.18,86,29,8.08
114,Betafo,MG,2021-04-10 01:03:19,-19.8333,46.85,59.04,90,100,3.06
115,Olenegorsk,RU,2021-04-10 01:03:19,68.15,33.3,25.21,96,99,3.62
116,Coahuayana,MX,2021-04-10 01:03:20,18.7333,-103.6833,78.8,41,1,3.85
117,Lasa,IT,2021-04-10 01:00:23,46.6166,10.7002,33.8,100,0,4.61
118,Ahuimanu,US,2021-04-10 01:03:20,21.4447,-157.8378,80.6,60,40,13.8
119,Clyde River,CA,2021-04-10 01:03:20,70.4692,-68.5914,3.2,85,1,6.91
120,Tigil,RU,2021-04-10 01:03:21,57.8,158.6667,20.32,84,100,16.26
121,Tuatapere,NZ,2021-04-10 01:03:21,-46.1333,167.6833,55.0,89,100,1.99
122,Harper,LR,2021-04-10 01:03:21,4.375,-7.7169,79.23,85,100,0.85
123,Porvoo,FI,2021-04-10 01:03:22,60.3923,25.6651,39.0,89,97,5.99
124,Jega,NG,2021-04-10 01:03:22,12.2175,4.3792,83.21,11,0,2.8
125,Ekhabi,RU,2021-04-10 01:03:22,53.5102,142.9671,28.54,72,6,4.16
126,Castro,BR,2021-04-10 01:03:23,-24.7911,-50.0119,62.85,72,30,2.66
127,Hakui,JP,2021-04-10 01:03:23,36.8833,136.7833,52.0,49,20,4.61
128,Upernavik,GL,2021-04-10 01:03:23,72.7868,-56.1549,10.53,96,100,13.87
129,Nanortalik,GL,2021-04-10 01:01:41,60.1432,-45.2371,36.21,96,100,7.49
130,Prince Rupert,CA,2021-04-10 00:59:35,54.3161,-130.3201,39.2,80,90,6.91
131,East London,ZA,2021-04-10 01:03:24,-33.0153,27.9116,65.12,88,33,3.65
132,Iqaluit,CA,2021-04-10 01:01:16,63.7506,-68.5145,6.8,72,75,13.8
133,Ambon,ID,2021-04-10 01:03:24,-3.6954,128.1814,77.0,94,40,6.91
134,Marzuq,YE,2021-04-10 01:03:25,14.4,46.4667,66.04,11,0,5.91
135,Ribeira Grande,PT,2021-04-10 01:03:25,38.5167,-28.7,59.97,87,100,17.87
136,Thompson,CA,2021-04-10 01:03:25,55.7435,-97.8558,42.8,61,75,8.05
137,Kruisfontein,ZA,2021-04-10 01:03:26,-34.0033,24.7314,57.52,84,40,2.98
138,Batala,IN,2021-04-10 01:03:26,31.8186,75.2028,59.0,58,54,2.3
139,Sakakah,SA,2021-04-10 01:03:26,29.9697,40.2064,62.6,36,0,14.97
140,Ancud,CL,2021-04-10 00:59:39,-41.8697,-73.8203,48.99,87,0,5.75
141,Kalmar,SE,2021-04-10 01:03:27,56.6616,16.3616,37.99,80,1,10.36
142,Coihaique,CL,2021-04-10 01:03:27,-45.5752,-72.0662,41.97,89,5,4.85
143,Diamantino,BR,2021-04-10 01:00:12,-14.4086,-56.4461,74.25,87,97,4.99
144,Ginda,IN,2021-04-10 01:03:27,30.6945,78.4932,50.05,20,8,8.75
145,Airai,TL,2021-04-10 00:59:24,-8.9266,125.4092,70.52,53,11,2.84
146,Konevo,RU,2021-04-10 01:03:28,62.1215,39.3192,34.21,81,88,14.34
147,Nezhinka,RU,2021-04-10 01:03:28,51.7676,55.3694,42.8,70,0,13.42
148,Luderitz,NA,2021-04-10 01:03:28,-26.6481,15.1594,73.36,49,0,5.28
149,Yulara,AU,2021-04-10 01:03:29,-25.2406,130.9889,77.0,41,100,16.11
150,Gamba,GA,2021-04-10 01:03:29,-2.65,10.0,79.07,88,100,4.85
151,Lagoa,PT,2021-04-10 00:59:17,39.05,-27.9833,58.44,85,100,17.0
152,Tasiilaq,GL,2021-04-10 01:03:11,65.6145,-37.6368,23.0,80,100,4.61
153,Hasaki,JP,2021-04-10 01:03:29,35.7333,140.8333,52.0,43,75,10.36
154,Kotelnich,RU,2021-04-10 01:03:30,58.3089,48.348,27.18,96,26,2.64
155,Ponta Delgada,PT,2021-04-10 01:03:30,37.7333,-25.6667,59.0,88,40,5.75
156,Kursk,RU,2021-04-10 01:03:30,51.7303,36.1939,28.4,74,5,1.86
157,Carupano,VE,2021-04-10 00:59:18,10.6678,-63.2585,76.82,90,30,9.44
158,Kon Tum,VN,2021-04-10 01:03:31,14.35,108.0,77.05,61,99,3.98
159,Severo-Kurilsk,RU,2021-04-10 01:03:31,50.6789,156.125,32.45,91,97,6.87
160,Baoshan,CN,2021-04-10 01:03:31,46.5586,131.4244,51.26,25,3,8.79
161,Champerico,GT,2021-04-10 01:03:32,14.3,-91.9167,84.2,79,40,6.91
162,Mahebourg,MU,2021-04-10 00:59:06,-20.4081,57.7,75.2,94,75,11.5
163,Flinders,AU,2021-04-10 01:03:32,-34.5833,150.8552,70.0,50,29,8.99
164,Varkaus,FI,2021-04-10 01:03:32,62.3153,27.873,37.4,81,90,20.71
165,Kuito,AO,2021-04-10 01:03:33,-12.3833,16.9333,57.7,81,100,3.98
166,Umba,RU,2021-04-10 01:03:33,66.6871,34.3429,33.64,94,100,19.73
167,Dikson,RU,2021-04-10 01:03:33,73.5069,80.5464,26.1,92,100,30.49
168,Hays,US,2021-04-10 01:03:34,30.0502,-98.0336,84.99,58,2,10.18
169,Tocopilla,CL,2021-04-10 01:00:40,-22.092,-70.1979,67.3,79,89,7.85
170,Sandnessjoen,NO,2021-04-10 01:03:34,66.0217,12.6316,33.01,74,40,3.44
171,Sarapul,RU,2021-04-10 01:03:34,56.4763,53.7978,33.01,95,100,1.99
172,San Carlos De Bariloche,AR,2021-04-10 01:02:07,-41.1456,-71.3082,50.0,46,75,5.75
173,Parana,AR,2021-04-10 01:03:35,-31.732,-60.5238,68.0,94,99,4.0
174,Gewane,ET,2021-04-10 01:03:35,10.1664,40.6453,75.27,42,7,1.14
175,Birao,CF,2021-04-10 01:03:35,10.2849,22.7882,76.69,7,100,4.83
176,Rio Grande,BR,2021-04-10 01:03:36,-32.035,-52.0986,73.0,92,100,9.51
177,Asau,RO,2021-04-10 01:03:36,46.4333,26.4,28.99,60,6,5.06
178,Alofi,NU,2021-04-10 01:03:36,-19.0595,-169.9187,80.6,69,98,5.75
179,Onguday,RU,2021-04-10 01:03:37,50.75,86.15,27.57,83,74,2.3
180,Beira,MZ,2021-04-10 01:00:51,-19.8436,34.8389,77.0,78,20,5.73
181,Port Moresby,PG,2021-04-10 01:03:29,-9.4431,147.1797,84.2,74,40,11.5
182,Ormond Beach,US,2021-04-10 01:00:22,29.2858,-81.0559,73.4,64,75,5.75
183,Leningradskiy,RU,2021-04-10 01:03:37,69.3833,178.4167,-7.47,91,57,5.91
184,Simitli,BG,2021-04-10 01:03:38,41.8833,23.1167,36.34,59,0,2.44
185,Mayo,US,2021-04-10 01:03:38,38.8876,-76.5119,57.99,94,90,6.91
186,Verkh-Usugli,RU,2021-04-10 01:03:38,52.7,115.1667,35.19,45,4,13.67
187,Mudigere,IN,2021-04-10 01:03:39,13.1333,75.6333,66.29,79,4,1.77
188,Cherskiy,RU,2021-04-10 01:02:17,68.75,161.3,4.37,74,100,4.21
189,Carnarvon,AU,2021-04-10 01:03:39,-24.8667,113.6333,87.8,55,67,14.97
190,Odweyne,SO,2021-04-10 01:03:39,9.4092,45.064,69.03,31,0,5.5
191,Vao,NC,2021-04-10 00:59:27,-22.6667,167.4833,76.46,89,100,17.11
192,Tonekabon,IR,2021-04-10 01:03:40,36.8163,50.8738,59.0,88,40,2.3
193,Olafsvik,IS,2021-04-10 01:03:40,64.8945,-23.7142,31.48,61,12,5.55
194,Escondido,US,2021-04-10 01:03:40,33.1192,-117.0864,72.0,49,1,6.91
195,Jamestown,US,2021-04-10 00:59:42,42.097,-79.2353,60.8,72,1,11.5
196,Valdivia,CL,2021-04-10 01:03:41,-39.8142,-73.2459,46.4,93,75,3.44
197,Omsukchan,RU,2021-04-10 01:03:41,62.5333,155.8,11.25,82,100,10.04
198,Ostrovnoy,RU,2021-04-10 01:03:41,68.0531,39.5131,31.64,86,100,28.77
199,San Juan,AR,2021-04-10 01:01:36,-31.5375,-68.5364,55.81,71,100,12.97
200,Kizilskoye,RU,2021-04-10 01:03:42,52.7255,58.8937,34.05,98,100,1.77
201,Porto Novo,BJ,2021-04-10 01:03:42,6.4965,2.6036,81.28,80,100,7.56
202,Shahpur,IN,2021-04-10 01:03:42,16.7,76.8333,83.7,32,100,7.52
203,Margate,GB,2021-04-10 01:03:43,51.3813,1.3862,44.01,81,100,1.99
204,Minggang,CN,2021-04-10 01:03:43,32.4586,114.0486,56.86,61,99,6.87
205,Mulege,MX,2021-04-10 01:03:43,26.8833,-111.9833,81.63,23,1,2.55
206,Nevelsk,RU,2021-04-10 01:03:44,46.6733,141.8633,42.8,49,14,6.71
207,Kirakira,SB,2021-04-10 00:59:33,-10.4544,161.9205,83.55,74,99,8.95
208,Ambilobe,MG,2021-04-10 01:03:44,-13.2,49.05,72.09,95,86,2.86
209,Oranjestad,AW,2021-04-10 01:03:45,12.524,-70.027,80.6,78,20,17.27
210,Hobyo,SO,2021-04-10 01:03:45,5.3505,48.5268,81.41,67,86,10.54
211,Georgetown,MY,2021-04-10 01:03:45,5.4112,100.3354,84.0,83,20,2.3
212,Kyren,RU,2021-04-10 01:03:46,51.6828,102.1408,31.28,74,100,5.7
213,Caraballeda,VE,2021-04-10 01:03:46,10.6112,-66.8522,77.0,100,75,4.61
214,Langarud,IR,2021-04-10 01:03:46,37.197,50.1535,59.0,88,40,2.3
215,Babu,CN,2021-04-10 01:03:46,24.4167,111.5167,62.17,92,100,1.23
216,Xai-Xai,MZ,2021-04-10 01:03:47,-25.0519,33.6442,71.19,88,44,3.11
217,Bredasdorp,ZA,2021-04-10 01:03:47,-34.5322,20.0403,62.6,94,100,5.08
218,San Ramon,US,2021-04-10 01:03:47,37.7799,-121.978,62.01,55,1,11.5
219,Sangar,RU,2021-04-10 01:03:48,63.9242,127.4739,18.59,90,100,3.18
220,Mitsamiouli,KM,2021-04-10 01:03:48,-11.3847,43.2844,80.98,74,100,4.88
221,Springdale,US,2021-04-10 01:03:48,36.1867,-94.1288,71.6,56,75,9.22
222,Hanzhong,CN,2021-04-10 01:03:49,33.0728,107.0303,54.41,88,100,1.9
223,Zalantun,CN,2021-04-10 01:03:49,48.0,122.7167,55.54,26,97,17.47
224,Keningau,MY,2021-04-10 01:03:49,5.3378,116.1602,82.4,78,20,3.44
225,Ville-Marie,CA,2021-04-10 01:03:50,47.3335,-79.433,55.4,88,90,9.22
226,Los Llanos De Aridane,ES,2021-04-10 01:03:50,28.6585,-17.9182,64.4,77,0,4.61
227,Mandalay,MM,2021-04-10 00:58:52,21.9747,96.0836,82.4,54,40,2.3
228,Gweta,BW,2021-04-10 01:03:50,-20.1833,25.2333,66.76,48,0,7.23
229,Rafai,CF,2021-04-10 01:03:51,4.95,23.9167,70.03,92,95,2.13
230,Shakawe,BW,2021-04-10 01:03:51,-18.3667,21.85,61.12,41,0,5.06
231,Isangel,VU,2021-04-10 01:03:51,-19.55,169.2667,87.8,79,40,6.91
232,Antsohihy,MG,2021-04-10 01:03:52,-14.8796,47.9875,71.78,93,98,2.89
233,Deputatskiy,RU,2021-04-10 01:03:52,69.3,139.9,-2.0,91,100,4.34
234,Sydney,AU,2021-04-10 01:03:46,-33.8679,151.2073,71.01,40,20,21.85
235,Rassvet,RU,2021-04-10 01:03:52,46.8333,40.75,38.73,89,100,8.16
236,Valparaiso,CL,2021-04-10 01:01:28,-33.0393,-71.6273,60.01,76,0,9.75
237,Namatanai,PG,2021-04-10 01:03:53,-3.6667,152.4333,84.78,68,80,10.13
238,Rio Gallegos,AR,2021-04-10 01:03:27,-51.6226,-69.2181,44.6,70,0,6.91
239,Merauke,ID,2021-04-10 01:03:53,-8.4667,140.3333,83.28,71,45,4.0
240,Chapais,CA,2021-04-10 01:00:22,49.7834,-74.8492,50.0,66,90,10.36
241,Yeppoon,AU,2021-04-10 01:03:54,-23.1333,150.7333,86.0,54,0,5.75
242,Vardo,NO,2021-04-10 01:03:54,70.3705,31.1107,17.6,67,0,12.66
243,Longyearbyen,SJ,2021-04-10 01:03:09,78.2186,15.6401,32.0,69,75,18.41
244,Alice Springs,AU,2021-04-10 00:58:55,-23.7,133.8833,79.0,38,85,13.8
245,Kavieng,PG,2021-04-10 01:03:55,-2.5744,150.7967,83.88,67,94,3.78
246,Bathsheba,BB,2021-04-10 01:03:55,13.2167,-59.5167,78.8,65,20,9.22
247,Hambantota,LK,2021-04-10 01:01:11,6.1241,81.1185,75.2,100,20,2.3
248,Ostersund,SE,2021-04-10 01:03:55,63.1792,14.6357,24.8,68,67,4.61
249,Port-Cartier,CA,2021-04-10 01:03:56,50.0334,-66.8654,44.6,36,20,11.5
250,Bengkulu,ID,2021-04-10 01:00:13,-3.8004,102.2655,78.66,83,33,4.47
251,Cidreira,BR,2021-04-10 01:03:56,-30.1811,-50.2056,74.41,80,100,9.57
252,Dwarka,IN,2021-04-10 01:03:56,22.2394,68.9678,78.76,71,0,10.2
253,Williston,US,2021-04-10 01:00:04,48.147,-103.618,53.01,19,0,1.01
254,Havre-Saint-Pierre,CA,2021-04-10 01:03:57,50.2334,-63.5986,41.0,38,1,10.36
255,Pevek,RU,2021-04-10 01:03:57,69.7008,170.3133,-7.4,86,45,3.15
256,Lagunillas,VE,2021-04-10 01:01:14,10.1301,-71.2595,79.05,82,100,5.21
257,Imbituba,BR,2021-04-10 01:01:44,-28.24,-48.6703,77.0,83,40,11.5
258,Eureka,US,2021-04-10 01:03:58,40.8021,-124.1637,50.0,73,91,10.0
259,Warri,NG,2021-04-10 01:03:58,5.5167,5.75,78.85,84,100,3.71
260,Ponta Do Sol,PT,2021-04-10 01:03:58,32.6667,-17.1,61.0,76,43,3.0
261,Howard Springs,AU,2021-04-10 01:03:58,-12.497,131.047,90.0,79,75,6.91
262,Grindavik,IS,2021-04-10 01:03:59,63.8424,-22.4338,26.6,93,20,5.75
263,Kahului,US,2021-04-10 01:03:59,20.8947,-156.47,78.8,57,20,23.02
264,Saskylakh,RU,2021-04-10 01:03:59,71.9167,114.0833,-8.45,97,73,1.3
265,Tonder,DK,2021-04-10 01:04:00,54.9331,8.8667,37.0,77,8,10.83
266,Lavrentiya,RU,2021-04-10 00:59:07,65.5833,-171.0,-0.26,86,100,7.02
267,Vestmannaeyjar,IS,2021-04-10 01:04:00,63.4427,-20.2734,28.36,52,0,10.92
268,Atar,MR,2021-04-10 01:04:01,20.5169,-13.0499,79.32,19,0,11.07
269,Araouane,ML,2021-04-10 01:04:01,18.9048,-3.5265,84.67,12,0,5.91
270,Kodiak,US,2021-04-10 00:59:42,57.79,-152.4072,35.6,25,1,14.97
271,Okhotsk,RU,2021-04-10 01:04:01,59.3833,143.3,22.86,67,96,5.06
272,Inhambane,MZ,2021-04-10 01:04:02,-23.865,35.3833,72.07,81,0,5.55
273,Tshane,BW,2021-04-10 01:04:02,-24.0196,21.8684,67.24,44,0,8.23
274,Ciudad Bolivar,VE,2021-04-10 01:01:25,8.1222,-63.5497,84.65,63,77,13.76
275,Craidorolt,RO,2021-04-10 01:04:02,47.6167,22.7,32.0,86,99,7.16
276,Charagua,BO,2021-04-10 01:04:03,-19.8,-63.2167,73.8,75,51,10.25
277,Torbay,CA,2021-04-10 01:04:03,47.6666,-52.7314,37.0,100,90,13.8
278,Abalak,RU,2021-04-10 01:04:03,58.1286,68.5944,33.91,99,100,4.38
279,Camocim,BR,2021-04-10 01:04:04,-2.9022,-40.8411,78.84,83,54,12.77
280,Egvekinot,RU,2021-04-10 01:04:04,66.3167,-179.1667,4.1,66,100,1.9
281,Nola,IT,2021-04-10 00:59:28,40.922,14.5329,44.01,73,98,1.68
282,Kantemirovka,RU,2021-04-10 01:04:05,49.7089,39.8592,38.1,69,100,9.62
283,Port Hawkesbury,CA,2021-04-10 01:04:05,45.6169,-61.3485,41.0,93,1,13.8
284,Prudnik,PL,2021-04-10 01:04:05,50.3212,17.5746,45.0,52,100,7.0
285,Eucaliptus,BO,2021-04-10 01:04:06,-17.5833,-67.5167,51.62,65,100,9.08
286,Nelson Bay,AU,2021-04-10 01:04:06,-32.7167,152.15,71.6,60,100,14.97
287,Taitung,TW,2021-04-10 01:04:06,22.7583,121.1444,75.2,64,75,5.75
288,Banda Aceh,ID,2021-04-10 01:04:07,5.5577,95.3222,80.69,79,49,4.94
289,Constitucion,CL,2021-04-10 01:04:07,-35.3333,-72.4167,53.92,86,39,12.15
290,Kaitangata,NZ,2021-04-10 01:04:07,-46.2817,169.8464,61.0,92,100,5.99
291,Alyangula,AU,2021-04-10 01:04:08,-13.8483,136.4192,87.8,70,54,4.61
292,Salalah,OM,2021-04-10 01:04:08,17.0151,54.0924,78.8,73,20,3.44
293,Belaya Gora,RU,2021-04-10 01:02:04,68.5333,146.4167,6.48,87,100,10.54
294,Sibolga,ID,2021-04-10 01:04:08,1.7427,98.7792,79.18,84,75,2.62
295,Lata,PT,2021-04-10 01:04:08,40.1629,-8.3327,57.99,96,31,3.38
296,Lorengau,PG,2021-04-10 01:04:09,-2.0226,147.2712,80.35,84,100,12.06
297,Bida,NG,2021-04-10 01:04:09,9.0833,6.0167,81.37,64,100,3.29
298,Tiksi,RU,2021-04-10 01:04:09,71.6872,128.8694,-9.27,99,100,6.2
299,Nongstoin,IN,2021-04-10 01:04:10,25.5167,91.2667,65.17,73,0,2.64
300,Balila,JO,2021-04-10 01:04:10,32.3881,35.9351,50.0,76,40,11.5
301,Verkhnevilyuysk,RU,2021-04-10 01:04:10,63.4453,120.3167,10.33,86,100,7.99
302,Hinton,CA,2021-04-10 01:01:50,53.4001,-117.5857,41.0,30,43,6.91
303,Leeuwarden,NL,2021-04-10 01:02:53,53.2014,5.8086,41.0,100,90,4.61
304,Faanui,PF,2021-04-10 01:04:11,-16.4833,-151.75,82.29,69,91,6.71
305,Zyryanka,RU,2021-04-10 01:04:11,65.75,150.85,8.58,81,100,12.53
306,Roros,NO,2021-04-10 01:04:11,62.5747,11.3842,24.8,86,75,10.36
307,Puerto Escondido,MX,2021-04-10 01:04:12,15.85,-97.0667,82.4,74,20,9.84
308,Borogontsy,RU,2021-04-10 01:04:12,62.6683,131.1683,22.57,91,100,4.65
309,Yerbogachen,RU,2021-04-10 01:00:40,61.2767,108.0108,8.58,79,7,8.97
310,Boa Vista,BR,2021-04-10 01:04:13,2.8197,-60.6733,77.0,88,90,3.44
311,Varzob,TJ,2021-04-10 01:04:13,38.7737,68.8178,51.8,43,0,8.95
312,Eydhafushi,MV,2021-04-10 01:04:13,5.1033,73.0708,81.82,74,3,5.79
313,Altar,MX,2021-04-10 01:04:14,30.7,-111.8167,87.01,16,100,8.01
314,Mar Del Plata,AR,2021-04-10 01:00:07,-38.0023,-57.5575,64.99,82,40,9.22
315,Invermere,CA,2021-04-10 01:04:14,50.5167,-116.0354,44.01,45,100,1.99
316,Kuroiso,JP,2021-04-10 01:02:10,36.9667,140.05,43.0,52,20,13.8
317,Trinidad,BO,2021-04-10 01:01:53,-14.8333,-64.9,74.52,96,100,3.8
318,Temiscaming,CA,2021-04-10 01:04:14,46.7212,-79.0971,59.0,72,100,2.3
319,Fort Nelson,CA,2021-04-10 01:00:09,58.8053,-122.7002,32.0,55,40,13.8
320,Dauphin,CA,2021-04-10 01:04:15,51.1494,-100.0502,46.4,57,1,9.22
321,Baiquan,CN,2021-04-10 01:04:15,47.5833,126.0833,54.63,20,2,21.12
322,Kysyl-Syr,RU,2021-04-10 01:04:15,63.8986,122.7617,12.69,87,100,7.63
323,Bam,IR,2021-04-10 01:04:16,29.106,58.357,70.54,14,2,9.55
324,Touros,BR,2021-04-10 01:04:16,-5.1989,-35.4608,78.8,83,0,6.91
325,Liuhe,CN,2021-04-10 01:04:16,42.2401,125.7172,53.44,18,5,7.02
326,Inirida,CO,2021-04-10 01:04:17,3.8653,-67.9239,74.68,96,100,1.12
327,Manadhoo,MV,2021-04-10 01:04:17,5.7667,73.3833,81.97,73,1,3.62
328,Kutum,SD,2021-04-10 01:04:17,14.2,24.6667,68.31,10,10,8.93
329,Koygorodok,RU,2021-04-10 01:04:18,60.445,50.9968,26.89,97,14,3.62
330,Paita,PE,2021-04-10 01:04:18,-5.0892,-81.1144,71.94,78,94,11.05
331,Grand Gaube,MU,2021-04-10 01:01:11,-20.0064,57.6608,78.01,78,92,4.0
332,Tura,IN,2021-04-10 01:04:19,25.5198,90.2201,75.43,66,16,3.65
333,Amapa,BR,2021-04-10 01:01:15,1.0,-52.0,71.67,98,51,1.54
334,Chuy,UY,2021-04-10 01:04:19,-33.6971,-53.4616,67.24,94,100,3.83
335,Segou,ML,2021-04-10 01:04:19,13.4317,-6.2157,87.4,8,0,9.46
336,North Bend,US,2021-04-10 01:03:08,43.4065,-124.2243,52.0,57,20,11.5
337,Manavalakurichi,IN,2021-04-10 01:04:20,8.1333,77.3,80.6,83,20,5.26
338,Khani,GE,2021-04-10 01:04:20,41.9563,42.9566,46.4,87,75,3.44
339,Half Moon Bay,US,2021-04-10 01:04:20,37.4636,-122.4286,55.4,81,14,14.97
340,Myitkyina,MM,2021-04-10 01:04:21,25.3833,97.4,74.57,59,3,2.59
341,Saint-Augustin,CA,2021-04-10 00:59:35,51.226,-58.6502,30.7,75,41,13.53
342,Victor Harbor,AU,2021-04-10 01:04:21,-35.5667,138.6167,63.0,70,92,4.0
343,Dalby,AU,2021-04-10 01:04:22,-27.1833,151.2667,77.0,53,0,8.05
344,Dingle,PH,2021-04-10 01:04:22,10.9995,122.6711,84.52,66,36,11.72
345,Dawlatabad,AF,2021-04-10 01:04:22,36.4141,64.9053,59.58,38,0,2.51
346,Langenburg,DE,2021-04-10 01:04:23,49.2544,9.8458,50.0,50,40,3.44
347,Pangnirtung,CA,2021-04-10 01:02:46,66.1451,-65.7125,5.81,95,95,5.79
348,Khandyga,RU,2021-04-10 01:04:23,62.6667,135.6,25.3,86,100,7.47
349,Samarai,PG,2021-04-10 01:04:23,-10.6167,150.6667,79.83,83,100,13.98
350,Kentau,KZ,2021-04-10 01:04:24,43.5206,68.5094,54.54,46,4,12.48
351,Kapoeta,SS,2021-04-10 01:04:24,4.7717,33.5903,80.24,47,100,2.71
352,Turayf,SA,2021-04-10 01:02:10,31.6725,38.6637,51.8,71,0,12.66
353,Suoyarvi,RU,2021-04-10 01:04:24,62.0833,32.35,34.02,96,100,16.55
354,Berlin,DE,2021-04-10 01:01:33,52.5244,13.4105,44.6,65,0,3.44
355,Baherden,TM,2021-04-10 01:04:25,38.4362,57.4316,69.33,29,94,7.02
356,Linxia,CN,2021-04-10 01:04:25,35.6003,103.2064,43.83,89,100,1.45
357,Sultanpur,IN,2021-04-10 01:04:25,26.2667,82.0667,78.03,8,0,2.39
358,Jagtial,IN,2021-04-10 01:04:26,18.8,78.9333,79.32,49,21,4.0
359,Asfi,MA,2021-04-10 01:04:26,32.2994,-9.2372,59.47,73,76,5.7
360,Burgeo,CA,2021-04-10 01:04:27,47.6167,-57.6152,44.35,77,4,16.15
361,Samaipata,BO,2021-04-10 01:04:27,-18.15,-63.8667,57.25,95,99,2.15
362,Mumford,GH,2021-04-10 01:04:27,5.2618,-0.759,80.98,85,100,5.35
363,Eseka,CM,2021-04-10 01:04:28,3.65,10.7667,72.34,97,100,2.1
364,Bismarck,US,2021-04-10 01:00:17,46.8083,-100.7837,55.4,15,1,21.85
365,Luena,AO,2021-04-10 01:00:44,-11.7833,19.9167,60.82,79,100,2.75
366,Krasnyy,RU,2021-04-10 01:04:28,54.5678,31.4333,35.83,76,93,11.81
367,Verkhnyaya Toyma,RU,2021-04-10 01:04:29,62.2349,44.9985,30.99,86,15,9.91
368,Pisco,PE,2021-04-10 01:04:29,-13.7,-76.2167,68.0,77,0,19.57
369,Pangkalanbuun,ID,2021-04-10 01:04:29,-2.6833,111.6167,79.63,82,98,2.48
370,Ozu,JP,2021-04-10 01:04:30,33.5,132.55,50.0,53,20,4.61
371,Kavaratti,IN,2021-04-10 00:59:47,10.5669,72.642,82.47,66,57,4.03
372,La Palma,US,2021-04-10 01:04:30,33.8464,-118.0467,73.0,68,1,9.22
373,Kazanskaya,RU,2021-04-10 01:04:30,45.4106,40.4361,37.0,95,100,4.12
374,Gannan,CN,2021-04-10 01:04:31,47.9147,123.5031,56.77,24,90,22.84
375,Codrington,AU,2021-04-10 01:04:31,-38.2667,141.9667,57.45,60,100,23.71
376,Hami,CN,2021-04-10 01:02:15,42.8,93.45,54.91,35,100,7.92
377,Makakilo City,US,2021-04-10 01:04:31,21.3469,-158.0858,80.6,41,1,12.66
378,Shelburne,CA,2021-04-10 01:04:32,44.0787,-80.2041,59.0,69,100,10.02
379,Broken Hill,AU,2021-04-10 01:04:32,-31.95,141.4333,60.8,55,40,18.41
380,Awjilah,LY,2021-04-10 01:04:32,29.1081,21.2869,54.91,53,0,15.48
381,Bulawayo,ZW,2021-04-10 01:02:05,-20.15,28.5833,56.25,81,0,6.82
382,Braganca,BR,2021-04-10 01:04:33,-1.0536,-46.7656,73.85,98,92,0.96
383,Krasnoselkup,RU,2021-04-10 01:04:33,65.7,82.4667,26.42,90,100,11.68
384,Nizwa,OM,2021-04-10 01:00:52,22.9333,57.5333,69.89,52,0,2.46
385,Horsham,GB,2021-04-10 01:04:34,51.064,-0.3272,44.01,81,0,4.61
386,Baykit,RU,2021-04-10 01:04:34,61.67,96.37,18.21,85,18,1.07
387,Pauini,BR,2021-04-10 01:04:34,-7.7136,-66.9764,74.79,95,99,0.85
388,Komsomolskiy,UZ,2021-04-10 01:04:34,40.4272,71.7189,50.0,53,0,9.22
389,Micheweni,TZ,2021-04-10 01:04:35,-4.9667,39.8333,79.65,82,100,9.46
390,Hokitika,NZ,2021-04-10 01:04:35,-42.7167,170.9667,59.61,95,100,12.24
391,Mwaya,TZ,2021-04-10 01:04:35,-9.55,33.95,71.35,89,99,1.36
392,Bilibino,RU,2021-04-10 01:04:36,68.0546,166.4372,4.32,62,7,3.33
393,Shenjiamen,CN,2021-04-10 01:04:36,29.9576,122.298,58.64,78,100,10.65
394,Bilma,NE,2021-04-10 01:00:14,18.6853,12.9164,79.65,6,5,6.78
395,Adrar,MR,2021-04-10 01:02:08,20.5022,-10.0711,76.59,20,0,11.7
396,Rudbar,AF,2021-04-10 01:04:37,30.15,62.6,72.7,11,2,5.7
397,Namikupa,TZ,2021-04-10 01:04:37,-10.8333,39.6,67.86,96,66,3.65
398,Igrim,RU,2021-04-10 01:04:37,63.1906,64.4162,33.06,98,100,4.47
399,Bhuj,IN,2021-04-10 01:04:37,23.2667,69.6667,74.98,62,0,12.44
400,Berdigestyakh,RU,2021-04-10 01:04:38,62.0989,126.6992,13.8,88,100,8.63
401,Gainesville,US,2021-04-10 01:04:35,29.6516,-82.3248,73.99,60,75,5.75
402,Itoman,JP,2021-04-10 01:04:38,26.1247,127.6694,75.2,57,20,16.11
403,Sitka,US,2021-04-10 01:04:38,57.0531,-135.33,35.6,80,75,9.22
404,Ganzhou,CN,2021-04-10 01:04:39,28.8184,115.4327,60.84,70,100,5.86
405,Garissa,KE,2021-04-10 01:04:39,-0.4536,39.6401,79.99,72,53,13.13
406,Luocheng,CN,2021-04-10 01:04:39,29.3848,104.0286,56.75,89,100,1.81
407,Ordubad,AZ,2021-04-10 01:04:40,38.9059,46.0234,60.8,59,75,11.5
408,Katherine,AU,2021-04-10 01:04:40,-14.4667,132.2667,87.8,58,40,4.61
409,Bitung,ID,2021-04-10 01:04:40,1.4451,125.1824,87.8,62,20,3.44
410,Camacari,BR,2021-04-10 01:04:00,-12.6975,-38.3242,78.8,78,40,9.22
411,Dunedin,NZ,2021-04-10 00:59:49,-45.8742,170.5036,55.0,89,100,11.07
412,Vila Franca Do Campo,PT,2021-04-10 01:04:41,37.7167,-25.4333,59.0,88,40,5.75
413,Bayan,CN,2021-04-10 01:04:41,46.0833,127.4,53.01,25,2,11.48
414,Iranshahr,IR,2021-04-10 01:04:42,27.2025,60.6848,69.8,16,0,2.55
415,Tulun,RU,2021-04-10 01:04:42,54.5611,100.5792,27.52,82,100,5.64
416,La Ronge,CA,2021-04-10 01:04:42,55.1001,-105.2842,39.2,41,12,6.91
417,Drummondville,CA,2021-04-10 01:02:02,45.8834,-72.4824,63.0,51,52,3.44
418,Selenduma,RU,2021-04-10 01:04:43,50.9131,106.2406,35.87,48,99,8.55
419,Akdepe,TM,2021-04-10 01:04:43,42.0551,59.3788,59.0,47,0,9.22
420,Hoquiam,US,2021-04-10 01:04:44,46.9809,-123.8893,45.0,87,90,19.57
421,Jacareacanga,BR,2021-04-10 01:03:12,-6.2222,-57.7528,76.14,81,19,1.39
422,Kiunga,PG,2021-04-10 01:04:44,-6.1219,141.2906,75.9,92,99,2.44
423,Payo,ID,2021-04-10 01:04:44,-3.7508,103.6372,77.02,91,28,1.34
424,Gushikawa,JP,2021-04-10 01:04:45,26.3544,127.8686,75.2,57,1,14.97
425,Te Anau,NZ,2021-04-10 01:04:45,-45.4167,167.7167,50.38,95,100,2.57
426,Sept-Iles,CA,2021-04-10 01:04:45,50.2001,-66.3821,44.6,36,20,11.5
427,Birin,NP,2021-04-10 01:04:46,26.8865,88.0718,61.45,47,0,3.38
428,Torres,BR,2021-04-10 01:01:31,-29.3353,-49.7269,72.36,78,100,4.88
429,Diffa,NE,2021-04-10 01:04:46,13.3154,12.6113,84.18,7,95,10.11
430,Milkovo,RU,2021-04-10 01:04:46,54.7167,158.6167,28.2,69,100,11.18
431,Erenhot,CN,2021-04-10 01:04:47,43.6475,111.9767,53.87,37,100,16.93
432,Tira Sujanpur,IN,2021-04-10 01:04:47,31.8333,76.5,62.55,19,80,5.44
433,Teguise,ES,2021-04-10 01:04:47,29.0605,-13.564,64.4,72,0,3.44
434,Shiraz,IR,2021-04-10 01:04:12,29.6036,52.5388,53.6,40,7,0.74
435,Nova Esperanca,BR,2021-04-10 01:04:48,4.438,-61.1151,68.09,94,97,1.81
436,Stephenville,US,2021-04-10 01:00:25,32.2207,-98.2023,84.2,18,1,5.75
437,Sechura,PE,2021-04-10 01:02:07,-5.5569,-80.8222,74.53,69,86,15.32
438,Promyshlennyy,RU,2021-04-10 01:04:48,67.5833,63.9167,31.91,96,100,14.88
439,Caborca,MX,2021-04-10 01:04:49,30.5838,-111.101,87.01,16,100,8.01
440,Itaituba,BR,2021-04-10 01:04:49,-4.2761,-55.9836,76.3,88,100,2.15
441,Laela,TZ,2021-04-10 01:04:49,-8.5667,32.05,59.49,97,100,5.48
442,Yelizovo,RU,2021-04-10 01:04:50,53.1873,158.3805,39.2,45,100,8.95
443,Rudsar,IR,2021-04-10 01:04:50,37.1376,50.288,59.0,88,40,2.3
444,Tautira,PF,2021-04-10 01:04:50,-17.7333,-149.15,86.0,66,40,5.75
445,Pringsewu,ID,2021-04-10 01:04:51,-5.3582,104.9744,78.12,87,23,2.39
446,Kayerkan,RU,2021-04-10 01:04:51,69.3497,87.7602,25.68,85,97,15.61
447,Sol-Iletsk,RU,2021-04-10 01:04:51,51.1631,54.9918,44.19,74,16,14.72
448,Broome,US,2021-04-10 01:04:52,42.2506,-75.833,55.99,71,75,6.91
449,Fergus Falls,US,2021-04-10 01:04:09,46.283,-96.0776,46.0,81,1,12.66
450,Louis Trichardt,ZA,2021-04-10 01:00:40,-23.0439,29.9032,59.68,89,0,3.94
451,Tamandare,BR,2021-04-10 01:04:17,-8.7597,-35.1047,77.22,85,89,8.95
452,Longkou,CN,2021-04-10 01:04:52,37.6508,120.3286,53.67,51,95,13.53
453,Am Timan,TD,2021-04-10 01:04:52,11.0297,20.2827,84.49,11,6,8.88
454,Peru,US,2021-04-10 01:04:53,40.7537,-86.0689,64.99,55,1,5.75
455,Labuhan,ID,2021-04-10 01:04:53,-6.8844,112.2051,81.41,80,85,2.91
456,Ixtapa,MX,2021-04-10 01:04:53,20.7,-105.2,78.01,78,1,9.22
457,Honiara,SB,2021-04-10 01:04:54,-9.4333,159.95,79.93,86,100,5.28
458,Estevan,CA,2021-04-10 01:01:08,49.1334,-102.9842,50.0,16,1,14.97
459,Xian,CN,2021-04-10 01:01:10,34.2583,108.9286,61.0,71,100,6.71
460,Stryn,NO,2021-04-10 01:04:54,61.9045,6.7226,28.0,96,100,6.33
461,Novobirilyussy,RU,2021-04-10 01:02:37,56.9514,90.6661,31.41,94,96,5.66
462,Meulaboh,ID,2021-04-10 01:04:55,4.1363,96.1285,79.07,85,98,1.95
463,Soyo,AO,2021-04-10 01:04:15,-6.1349,12.3689,78.93,88,100,7.7
464,Velur,IN,2021-04-10 01:03:37,12.9333,79.1333,73.29,82,61,2.33
465,Cabedelo,BR,2021-04-10 01:04:55,-6.9811,-34.8339,73.4,100,40,5.75
466,Dragomiresti,RO,2021-04-10 01:04:55,44.9167,25.3333,34.27,65,1,4.34
467,Puri,IN,2021-04-10 01:04:56,19.8,85.85,75.2,78,75,2.3
468,Carutapera,BR,2021-04-10 01:04:56,-1.195,-46.02,76.8,91,95,6.76
469,Terme,TR,2021-04-10 01:04:56,41.2092,36.9739,42.01,81,75,17.27
470,Casalmaggiore,IT,2021-04-10 01:04:57,44.9939,10.4189,45.0,70,100,1.01
471,Bakau,GM,2021-04-10 01:04:57,13.4781,-16.6819,69.8,88,0,6.91
472,Norman Wells,CA,2021-04-10 01:00:43,65.282,-126.8329,-2.2,65,75,20.71
473,Miri,MY,2021-04-10 01:04:57,4.4148,114.0089,80.6,89,20,2.3
474,Ramsar,IR,2021-04-10 01:04:58,36.9226,50.6426,59.0,88,40,2.3
475,Toyooka,JP,2021-04-10 01:04:58,35.5333,134.8333,46.4,53,40,6.91
476,Nedjo,ET,2021-04-10 01:04:58,9.5046,35.5019,62.29,26,6,2.35
477,Aklavik,CA,2021-04-10 01:04:59,68.2191,-135.0107,-13.0,58,100,9.22
478,Djibo,BF,2021-04-10 01:04:59,14.1022,-1.6306,83.84,9,4,10.0
479,Mokhsogollokh,RU,2021-04-10 01:04:59,61.4681,128.9203,19.6,92,100,7.43
480,Tarata,BO,2021-04-10 01:04:59,-17.6167,-66.0167,66.2,52,99,3.44
481,Kathu,TH,2021-04-10 01:05:00,7.9178,98.3332,87.01,89,20,3.44
482,Maldonado,UY,2021-04-10 01:05:00,-34.6667,-54.9167,70.0,94,75,5.75
483,Road Town,VG,2021-04-10 01:05:00,18.4167,-64.6167,77.0,65,40,9.22
484,Kang,BW,2021-04-10 01:05:01,-23.6752,22.7876,65.89,41,0,5.5
485,Zaysan,KZ,2021-04-10 01:05:01,47.4667,84.8667,40.08,64,1,2.84
486,Mian Channun,PK,2021-04-10 01:00:38,30.44,72.3543,69.39,23,6,8.16
487,Dzilam Gonzalez,MX,2021-04-10 01:05:01,21.2833,-88.9333,82.9,61,10,10.74
488,San Patricio,US,2021-04-10 01:05:02,28.017,-97.5169,82.4,74,1,13.8
489,Qui Nhon,VN,2021-04-10 01:04:12,13.7667,109.2333,78.48,81,60,7.18
490,Mount Gambier,AU,2021-04-10 01:05:04,-37.8333,140.7667,60.8,59,75,21.85
491,Sri Aman,MY,2021-04-10 01:05:04,1.2376,111.4621,75.2,94,20,3.44
492,Aksu,CN,2021-04-10 01:05:05,41.1231,80.2644,50.36,39,0,4.88
493,Paamiut,GL,2021-04-10 01:03:11,61.994,-49.6678,33.76,89,100,6.22
494,Kabo,CF,2021-04-10 01:05:05,7.6994,18.629,78.94,51,98,6.38
495,Podgornaya,RU,2021-04-10 01:05:05,44.2031,43.4297,39.2,87,90,17.9
496,Henties Bay,NA,2021-04-10 01:05:06,-22.116,14.2845,74.93,52,0,4.47
497,Bafoulabe,ML,2021-04-10 01:05:06,13.8065,-10.8321,90.54,9,0,3.2
498,Cortes,ES,2021-04-10 01:05:06,41.9395,-1.4396,51.8,87,90,9.22
499,Higueron,MX,2021-04-10 01:05:07,18.5833,-99.1667,93.0,16,75,13.8
500,Aberdeen,GB,2021-04-10 01:04:47,57.1437,-2.0981,32.0,80,15,9.22
501,Nouadhibou,MR,2021-04-10 01:05:07,20.931,-17.0347,64.4,82,0,17.27
502,Prnjavor,BA,2021-04-10 01:05:07,44.8703,17.6628,48.2,66,0,10.36
503,Afyonkarahisar,TR,2021-04-10 01:05:08,38.75,30.6667,27.14,67,98,13.8
504,Sitapur,IN,2021-04-10 01:05:08,27.5667,80.6833,73.38,10,0,5.5
505,Qasigiannguit,GL,2021-04-10 01:05:08,68.8193,-51.1922,26.6,86,75,14.97
506,Eskisehir,TR,2021-04-10 01:05:09,39.7767,30.5206,32.0,74,40,10.36
507,Douglas,US,2021-04-10 01:05:09,41.3,-96.167,55.99,22,90,10.36
508,Camana,PE,2021-04-10 01:05:10,-16.6228,-72.7111,69.69,79,100,7.02
509,Sayyan,YE,2021-04-10 01:05:10,15.1718,44.3244,55.67,25,7,2.66
510,Khrebtovaya,RU,2021-04-10 01:05:10,56.7032,104.2494,18.18,68,100,5.5
511,Viransehir,TR,2021-04-10 01:05:11,37.2353,39.7631,47.97,74,0,6.38
512,Maumere,ID,2021-04-10 01:05:11,-8.6199,122.2111,83.41,68,3,4.34
513,Nata,PA,2021-04-10 01:05:11,8.3333,-80.5167,75.2,94,20,5.75
514,Saint-Georges,GD,2021-04-10 01:05:12,12.0564,-61.7485,82.4,74,20,16.11
515,Sinnamary,GF,2021-04-10 01:05:12,5.3833,-52.95,76.41,89,100,5.32
516,Veraval,IN,2021-04-10 01:05:12,20.9,70.3667,77.52,62,0,12.06
517,Sao Borja,BR,2021-04-10 01:05:12,-28.6606,-56.0044,77.13,67,10,7.4
518,Ossora,RU,2021-04-10 01:05:13,59.2353,163.0719,18.79,81,100,15.37
519,Ballina,AU,2021-04-10 01:05:13,-28.8667,153.5667,82.99,47,4,12.66
520,Sikonge,TZ,2021-04-10 01:05:14,-5.6333,32.7667,64.08,95,100,2.75
521,Namibe,AO,2021-04-10 01:05:14,-15.1961,12.1522,78.91,80,92,6.11
522,Port Augusta,AU,2021-04-10 01:05:14,-32.5,137.7667,66.2,59,75,16.11
523,Yarada,IN,2021-04-10 01:05:14,17.65,83.2667,80.31,75,51,5.19
524,Ahipara,NZ,2021-04-10 01:02:42,-35.1667,173.1667,68.09,94,100,14.03
525,Carbonera,IT,2021-04-10 01:05:15,45.6806,12.2883,48.0,87,94,1.14
526,Biggar,GB,2021-04-10 01:05:15,55.6167,-3.5167,30.0,80,3,1.05
527,Novolabinskaya,RU,2021-04-10 01:05:16,45.1096,39.894,41.0,93,75,4.47
528,Sohbatpur,PK,2021-04-10 01:05:16,28.5202,68.5434,76.86,16,4,7.94
529,Bad Hersfeld,DE,2021-04-10 01:05:16,50.8667,9.7,41.0,96,100,2.28
530,Jumla,NP,2021-04-10 01:01:19,29.2747,82.1838,42.89,30,0,5.08
531,Praia,CV,2021-04-10 01:05:17,14.9215,-23.5087,69.8,73,20,17.27
532,La Asuncion,VE,2021-04-10 01:05:17,11.0333,-63.8628,77.13,88,100,12.12
533,Bria,CF,2021-04-10 01:05:17,6.5423,21.9863,70.21,82,83,5.19
534,Castelo Do Piaui,BR,2021-04-10 01:05:17,-5.3222,-41.5525,74.98,62,100,4.83
535,Kiama,AU,2021-04-10 01:05:18,-34.6833,150.8667,70.0,50,17,8.99
536,Zaoyang,CN,2021-04-10 01:05:18,32.1272,112.7542,60.03,58,100,3.13
537,Anadyr,RU,2021-04-10 01:05:18,64.75,177.4833,6.8,78,20,26.84
538,Poum,NC,2021-04-10 01:05:19,-20.2333,164.0167,79.7,86,100,35.75
539,Rocha,UY,2021-04-10 01:05:19,-34.4833,-54.3333,64.6,93,100,3.22
540,Georgiyevka,KZ,2021-04-10 01:05:19,43.0369,74.7114,46.4,66,9,6.71
541,Sungaipenuh,ID,2021-04-10 01:05:20,-2.0833,101.3833,69.58,86,84,1.43
542,Kapuskasing,CA,2021-04-10 01:05:20,49.4169,-82.4331,55.4,88,26,9.22
543,Santa Marta,CO,2021-04-10 01:05:20,11.2408,-74.199,84.0,74,90,2.3
544,Quelimane,MZ,2021-04-10 01:05:21,-17.8786,36.8883,75.2,88,20,3.44
545,Wahiawa,US,2021-04-10 01:03:04,21.5028,-158.0236,80.6,53,20,11.5
546,San Cristobal,VE,2021-04-10 01:00:47,7.7669,-72.225,78.8,83,40,4.61
547,Palu,ID,2021-04-10 01:05:21,-0.8917,119.8707,80.87,73,97,1.39
548,Saint-Joseph,RE,2021-04-10 01:05:21,-21.3667,55.6167,77.0,69,100,3.44
549,Buala,SB,2021-04-10 01:05:22,-8.145,159.5921,81.32,81,100,9.15
550,Kamenka,RU,2021-04-10 01:05:22,51.3223,42.7678,37.0,83,100,12.88
551,Karratha,AU,2021-04-10 01:01:20,-20.7377,116.8463,85.66,68,13,16.08
552,Bonavista,CA,2021-04-10 01:05:22,48.6499,-53.1147,35.6,100,100,9.22
553,Boa Esperanca,BR,2021-04-10 01:05:23,-21.09,-45.5658,61.32,81,0,4.68
554,Uvinza,TZ,2021-04-10 01:05:23,-5.1036,30.3911,64.17,96,99,0.74
555,Chumikan,RU,2021-04-10 01:05:23,54.7183,135.315,34.36,80,89,17.25
556,Vilyuysk,RU,2021-04-10 01:05:24,63.7553,121.6247,11.28,87,100,9.22
557,Loviisa,FI,2021-04-10 01:05:24,60.4566,26.2251,37.99,89,95,5.99
558,Kaspiysk,RU,2021-04-10 01:05:24,42.8816,47.6392,51.01,71,90,15.66
559,Muli,MV,2021-04-10 01:05:24,2.9167,73.5667,81.99,74,16,6.8
560,Venado Tuerto,AR,2021-04-10 01:05:25,-33.7456,-61.9688,68.0,97,100,4.0
561,Chicama,PE,2021-04-10 01:05:25,-7.8447,-79.1469,66.2,88,75,12.66
562,Vanimo,PG,2021-04-10 01:05:25,-2.6741,141.3028,83.62,74,100,10.54
563,Hamilton,US,2021-04-10 01:02:50,39.1834,-84.5333,66.0,59,75,5.75
564,Mangrol,IN,2021-04-10 01:05:26,21.1167,70.1167,77.5,64,0,11.18
565,Mancora,PE,2021-04-10 01:05:26,-4.1078,-81.0475,75.13,76,100,2.95
566,Fairbanks,US,2021-04-10 01:03:47,64.8378,-147.7164,3.99,51,75,5.75
567,Mirnyy,RU,2021-04-10 01:05:27,62.5353,113.9611,2.43,84,100,10.27
568,Flin Flon,CA,2021-04-10 01:05:27,54.7682,-101.865,33.35,79,10,3.44
569,Loreto,MX,2021-04-10 01:05:27,22.2667,-101.9667,75.88,9,1,10.76
570,Asyut,EG,2021-04-10 01:01:36,27.181,31.1837,60.8,51,0,17.27
571,Sant Julia De Loria,AD,2021-04-10 01:05:28,42.4625,1.4825,42.01,92,100,2.57
572,Takoradi,GH,2021-04-10 01:05:28,4.8845,-1.7554,80.65,85,100,1.3
573,Kannur,IN,2021-04-10 01:05:28,11.8675,75.3576,77.45,88,4,2.84
